order_id,customer_id,order_date,warehouse_id
1,402,2023-07-09,5
2,454,2023-08-22,3
3,37,2023-07-24,4
4,316,2023-01-14,2
5,176,2023-04-15,1
6,461,2023-06-03,3
7,284,2023-11-02,2
8,453,2023-09-22,2
9,461,2023-11-01,3
10,81,2023-10-30,1
11,114,2023-07-07,1
12,40,2023-02-28,5
13,301,2023-09-22,4
14,224,2023-10-27,3
15,318,2023-06-18,3
16,349,2023-05-17,3
17,115,2023-07-31,1
18,186,2023-05-21,4
19,323,2023-05-18,5
20,56,2023-09-14,2
21,40,2023-08-04,2
22,354,2023-08-26,3
23,40,2023-12-16,4
24,347,2023-09-27,1
25,461,2023-12-13,4
26,237,2023-06-06,4
27,289,2023-03-08,1
28,262,2023-10-19,3
29,216,2023-02-12,4
30,147,2023-07-17,2
31,336,2023-01-03,1
32,168,2023-03-14,5
33,92,2023-05-07,3
34,353,2023-10-25,1
35,59,2023-03-19,5
36,59,2023-07-07,5
37,304,2023-01-06,4
38,169,2023-09-22,4
39,269,2023-11-26,4
40,363,2023-03-10,1
41,45,2023-04-15,1
42,345,2023-03-13,3
43,181,2023-07-23,4
44,170,2023-11-27,5
45,356,2023-08-29,2
46,191,2023-09-16,3
47,155,2023-03-23,1
48,422,2023-11-23,3
49,188,2023-05-17,3
50,7,2023-07-27,3
51,133,2023-05-23,3
52,235,2023-01-28,2
53,45,2023-09-29,4
54,314,2023-03-15,5
55,249,2023-11-29,3
56,499,2023-09-07,3
57,31,2023-07-04,3
58,23,2023-02-28,4
59,426,2023-05-22,1
60,394,2023-07-09,1
61,160,2023-03-15,2
62,363,2023-12-05,1
63,437,2023-07-31,3
64,158,2023-09-25,3
65,39,2023-01-23,3
66,415,2023-11-27,2
67,82,2023-04-14,3
68,356,2023-08-14,1
69,258,2023-02-07,4
70,206,2023-06-06,4
71,77,2023-03-09,5
72,477,2023-01-22,1
73,12,2023-09-10,3
74,295,2023-05-28,4
75,450,2023-10-17,1
76,224,2023-10-10,4
77,13,2023-02-10,3
78,46,2023-10-24,4
79,155,2023-04-19,5
80,113,2023-05-28,5
81,233,2023-05-24,4
82,17,2023-02-11,1
83,360,2023-04-14,1
84,223,2023-05-22,1
85,354,2023-10-20,4
86,188,2023-06-15,1
87,448,2023-05-12,3
88,344,2023-08-18,5
89,365,2023-08-02,3
90,163,2023-12-09,1
91,496,2023-06-22,3
92,326,2023-09-22,1
93,467,2023-02-14,4
94,414,2023-09-07,3
95,455,2023-08-28,4
96,74,2023-08-01,4
97,233,2023-09-18,2
98,224,2023-03-19,1
99,482,2023-03-21,5
100,319,2023-08-25,1
101,412,2023-11-27,5
102,60,2023-08-06,1
103,335,2023-12-20,4
104,222,2023-07-19,3
105,37,2023-02-28,3
106,477,2023-01-28,2
107,278,2023-05-11,5
108,196,2023-05-18,5
109,404,2023-01-05,5
110,352,2023-11-01,4
111,484,2023-01-29,5
112,242,2023-06-20,3
113,324,2023-03-20,4
114,219,2023-06-28,1
115,192,2023-02-19,5
116,17,2023-02-13,5
117,12,2023-08-22,1
118,406,2023-09-17,5
119,401,2023-05-24,1
120,394,2023-05-07,4
121,374,2023-01-17,3
122,193,2023-07-18,1
123,22,2023-08-20,2
124,474,2023-12-14,1
125,120,2023-11-05,5
126,210,2023-07-20,4
127,306,2023-02-22,4
128,270,2023-09-30,1
129,192,2023-06-06,3
130,175,2023-12-29,2
131,285,2023-11-13,4
132,204,2023-09-13,5
133,164,2023-02-20,5
134,251,2023-05-17,3
135,227,2023-07-04,4
136,436,2023-04-17,1
137,381,2023-09-20,5
138,460,2023-07-14,3
139,7,2023-05-05,4
140,29,2023-05-31,4
141,395,2023-08-20,4
142,33,2023-06-24,4
143,134,2023-06-11,4
144,367,2023-11-04,5
145,79,2023-10-07,3
146,416,2023-11-12,4
147,435,2023-09-17,2
148,459,2023-11-01,2
149,58,2023-09-08,3
150,471,2023-08-13,1
151,26,2023-05-29,1
152,482,2023-08-27,1
153,430,2023-02-17,2
154,226,2023-08-10,1
155,285,2023-05-12,5
156,4,2023-05-21,4
157,465,2023-11-14,2
158,99,2023-10-29,3
159,397,2023-10-22,3
160,489,2023-05-13,4
161,39,2023-03-10,2
162,271,2023-08-23,1
163,375,2023-05-07,1
164,285,2023-09-07,5
165,157,2023-11-20,5
166,75,2023-05-04,1
167,372,2023-10-09,3
168,288,2023-12-13,3
169,130,2023-06-07,5
170,175,2023-07-18,4
171,462,2023-01-11,1
172,84,2023-05-14,5
173,22,2023-11-20,5
174,459,2023-11-19,1
175,27,2023-03-09,1
176,195,2023-03-28,3
177,337,2023-07-09,4
178,382,2023-04-17,4
179,236,2023-08-06,1
180,440,2023-07-09,2
181,92,2023-03-09,5
182,477,2023-04-06,5
183,21,2023-05-11,1
184,303,2023-10-11,2
185,464,2023-03-16,3
186,357,2023-12-01,1
187,443,2023-09-04,1
188,84,2023-01-08,5
189,262,2023-11-07,1
190,147,2023-07-12,1
191,441,2023-05-31,1
192,453,2023-03-15,5
193,387,2023-11-04,3
194,257,2023-01-04,3
195,58,2023-10-13,1
196,380,2023-05-15,5
197,422,2023-10-15,3
198,15,2023-05-20,3
199,162,2023-01-09,3
200,445,2023-01-15,5
201,163,2023-11-18,5
202,320,2023-10-18,1
203,497,2023-11-05,4
204,281,2023-12-08,3
205,280,2023-03-21,4
206,12,2023-06-30,5
207,274,2023-03-12,5
208,271,2023-02-19,5
209,492,2023-08-28,4
210,208,2023-07-18,5
211,27,2023-09-20,1
212,72,2023-07-30,5
213,60,2023-09-25,2
214,430,2023-05-24,4
215,473,2023-06-22,2
216,145,2023-11-19,5
217,93,2023-05-30,1
218,309,2023-01-07,3
219,8,2023-04-12,5
220,79,2023-05-13,1
221,27,2023-03-05,4
222,174,2023-07-14,2
223,50,2023-08-11,2
224,500,2023-11-13,2
225,199,2023-01-22,4
226,387,2023-09-27,1
227,349,2023-09-06,4
228,448,2023-08-21,2
229,428,2023-04-08,5
230,181,2023-05-17,3
231,24,2023-11-22,4
232,316,2024-01-01,4
233,378,2023-11-05,1
234,387,2023-06-27,1
235,404,2023-09-26,4
236,46,2023-04-01,2
237,15,2023-01-10,3
238,153,2023-01-19,1
239,222,2023-04-11,2
240,206,2023-09-07,5
241,455,2023-07-29,1
242,273,2023-11-28,2
243,382,2023-06-11,2
244,236,2023-05-05,3
245,340,2023-08-19,3
246,228,2023-10-31,5
247,9,2023-08-22,2
248,166,2023-03-27,2
249,432,2023-01-24,3
250,444,2023-01-02,1
251,319,2023-03-29,1
252,214,2023-04-30,4
253,117,2023-11-03,3
254,386,2023-09-10,4
255,344,2023-10-04,3
256,72,2023-12-30,5
257,395,2023-11-07,2
258,64,2023-05-14,5
259,205,2023-05-03,3
260,209,2023-03-20,2
261,72,2023-10-20,1
262,277,2023-03-30,1
263,274,2023-05-31,4
264,478,2023-11-13,3
265,320,2023-10-22,3
266,338,2023-08-17,1
267,366,2023-06-19,5
268,495,2023-02-22,2
269,95,2023-03-17,5
270,166,2023-09-09,5
271,32,2023-04-28,1
272,11,2023-09-22,1
273,301,2023-12-30,1
274,217,2023-12-30,4
275,289,2023-07-10,5
276,102,2023-06-16,3
277,425,2023-07-21,2
278,392,2023-07-11,4
279,267,2023-11-10,3
280,214,2023-08-16,5
281,179,2023-12-29,1
282,88,2023-11-15,5
283,41,2023-09-22,2
284,401,2023-08-06,4
285,76,2023-01-01,4
286,377,2023-08-14,2
287,46,2023-06-11,3
288,160,2023-10-09,3
289,463,2023-12-30,4
290,80,2023-09-29,4
291,310,2023-12-06,1
292,86,2023-02-01,3
293,92,2023-04-14,2
294,148,2023-06-17,3
295,161,2023-10-24,1
296,202,2023-11-09,4
297,424,2023-03-10,4
298,416,2023-10-14,1
299,242,2023-10-14,2
300,353,2023-04-14,4
301,2,2023-02-21,5
302,225,2023-07-01,4
303,289,2023-05-04,5
304,233,2023-03-02,1
305,461,2023-07-12,1
306,414,2023-11-22,4
307,417,2023-12-17,3
308,77,2023-10-27,5
309,116,2023-04-24,2
310,154,2023-05-29,4
311,406,2023-10-14,2
312,103,2023-04-20,4
313,194,2023-09-07,3
314,166,2023-06-15,3
315,359,2023-04-02,3
316,90,2023-01-31,3
317,174,2023-11-30,1
318,122,2023-09-20,1
319,498,2023-01-01,5
320,143,2023-05-12,2
321,482,2023-07-16,4
322,106,2023-07-17,4
323,375,2023-03-19,1
324,428,2023-04-05,4
325,305,2023-06-23,1
326,360,2023-11-17,5
327,459,2023-10-18,2
328,317,2023-05-12,5
329,451,2023-12-07,3
330,123,2023-02-16,3
331,390,2023-04-13,3
332,9,2023-05-17,5
333,262,2023-05-12,4
334,73,2023-04-12,2
335,359,2023-10-16,3
336,223,2023-01-03,3
337,416,2023-08-14,3
338,41,2023-12-25,2
339,370,2023-10-02,3
340,204,2023-04-21,2
341,264,2023-07-25,3
342,328,2023-11-28,5
343,178,2023-12-20,5
344,348,2023-11-13,2
345,318,2023-02-16,5
346,84,2023-06-17,2
347,318,2023-10-22,5
348,111,2023-03-19,5
349,251,2023-06-06,2
350,383,2023-03-07,4
351,7,2023-10-18,5
352,459,2023-10-02,3
353,84,2023-01-21,4
354,208,2023-05-09,2
355,388,2023-07-06,4
356,390,2023-06-06,1
357,314,2023-04-06,1
358,22,2023-12-23,5
359,410,2023-05-14,5
360,383,2023-03-01,3
361,3,2023-07-10,4
362,127,2023-01-12,1
363,297,2023-02-01,5
364,188,2023-05-01,4
365,362,2023-12-01,5
366,14,2023-02-27,5
367,459,2023-08-08,1
368,466,2023-03-01,1
369,12,2023-10-26,5
370,87,2023-09-09,2
371,12,2023-03-16,5
372,397,2023-05-12,5
373,25,2023-04-24,3
374,301,2023-06-23,3
375,243,2023-03-14,3
376,122,2023-07-23,2
377,147,2023-07-25,2
378,55,2023-07-06,5
379,238,2023-02-23,3
380,356,2023-05-16,2
381,173,2023-11-09,1
382,392,2023-03-17,5
383,221,2023-03-29,4
384,119,2023-10-09,5
385,309,2023-03-10,4
386,183,2023-08-14,3
387,288,2023-10-03,4
388,307,2023-03-22,3
389,300,2023-09-01,1
390,82,2023-06-11,4
391,454,2023-06-16,5
392,402,2023-03-12,3
393,211,2023-04-09,5
394,150,2023-10-30,2
395,37,2023-11-14,3
396,352,2023-06-03,4
397,312,2023-04-20,3
398,361,2023-01-22,5
399,59,2023-06-30,1
400,131,2023-01-12,3
401,412,2023-07-23,4
402,202,2023-04-11,2
403,243,2023-02-21,1
404,35,2023-09-22,2
405,445,2023-06-16,3
406,93,2023-05-01,5
407,438,2023-06-11,5
408,447,2023-10-17,4
409,207,2023-01-09,5
410,353,2023-04-30,1
411,391,2023-03-17,5
412,332,2023-09-08,4
413,305,2023-11-18,3
414,350,2023-07-09,3
415,213,2023-08-05,5
416,159,2023-06-03,2
417,442,2023-11-17,3
418,445,2023-11-09,5
419,24,2023-12-06,4
420,404,2023-06-28,5
421,293,2023-09-05,3
422,4,2023-02-04,4
423,220,2023-10-11,5
424,364,2023-02-17,1
425,382,2023-12-10,4
426,20,2023-04-04,1
427,444,2023-03-30,2
428,152,2023-12-11,4
429,50,2023-09-23,1
430,177,2023-10-08,3
431,435,2023-06-05,3
432,96,2023-05-26,2
433,105,2023-12-03,4
434,420,2023-04-27,4
435,250,2023-07-25,4
436,117,2023-01-24,2
437,354,2023-06-20,4
438,228,2023-04-12,3
439,66,2023-11-21,1
440,335,2023-09-16,3
441,418,2023-04-04,3
442,420,2023-07-14,1
443,262,2023-07-04,3
444,295,2023-10-29,2
445,426,2023-12-10,1
446,243,2023-03-27,3
447,371,2023-07-20,5
448,186,2023-03-18,3
449,246,2023-06-17,2
450,125,2023-08-29,4
451,268,2023-10-01,3
452,131,2023-01-25,4
453,237,2023-09-07,5
454,18,2023-05-12,3
455,40,2023-05-21,1
456,21,2023-11-21,4
457,399,2023-09-26,5
458,225,2023-07-02,1
459,355,2023-09-04,1
460,282,2023-07-01,1
461,8,2023-01-31,1
462,100,2023-12-22,3
463,240,2023-07-12,3
464,478,2023-07-22,3
465,87,2023-07-19,5
466,298,2023-10-26,5
467,428,2023-11-30,5
468,14,2023-12-11,2
469,334,2023-12-20,5
470,2,2023-05-20,3
471,375,2023-04-14,3
472,293,2023-12-13,2
473,325,2023-02-07,2
474,422,2023-04-23,5
475,493,2023-02-17,4
476,41,2023-10-10,2
477,318,2023-10-29,1
478,316,2023-03-01,3
479,381,2023-03-22,1
480,111,2023-01-30,3
481,14,2023-02-06,3
482,231,2023-06-15,2
483,473,2023-08-12,2
484,84,2023-09-25,1
485,130,2023-09-20,3
486,231,2023-08-12,1
487,326,2023-09-07,4
488,145,2023-01-19,1
489,379,2023-08-17,5
490,345,2023-10-06,1
491,28,2023-09-17,5
492,66,2023-10-16,5
493,163,2023-09-17,5
494,229,2023-06-06,4
495,261,2023-01-10,1
496,449,2023-03-16,1
497,424,2023-11-26,4
498,460,2023-04-27,3
499,440,2023-05-01,2
500,164,2023-08-30,1
501,301,2023-04-17,2
502,407,2023-11-14,4
503,303,2023-06-12,3
504,287,2023-11-14,3
505,395,2023-07-19,3
506,10,2023-01-23,4
507,195,2023-07-20,5
508,118,2023-09-18,5
509,270,2023-08-08,2
510,80,2023-06-26,5
511,458,2023-06-11,5
512,93,2023-08-03,3
513,266,2023-04-02,3
514,332,2023-07-10,2
515,350,2023-02-22,1
516,361,2023-06-13,2
517,257,2023-06-25,2
518,133,2023-04-16,4
519,276,2023-05-17,4
520,264,2023-05-09,2
521,171,2023-05-24,2
522,460,2023-12-10,2
523,1,2023-08-11,5
524,313,2023-04-10,4
525,64,2023-08-11,2
526,374,2023-10-29,3
527,468,2023-12-31,3
528,284,2023-09-10,5
529,121,2023-07-11,5
530,107,2023-06-09,1
531,421,2023-09-09,1
532,175,2023-04-11,1
533,485,2023-02-10,5
534,204,2023-03-26,5
535,165,2023-06-11,5
536,305,2023-10-24,3
537,497,2023-10-12,5
538,120,2023-01-16,3
539,44,2023-09-24,1
540,312,2023-02-05,1
541,156,2023-01-05,1
542,367,2023-10-05,2
543,207,2023-08-26,2
544,390,2023-09-06,4
545,108,2023-06-11,4
546,251,2023-02-09,4
547,445,2023-06-04,2
548,404,2023-11-04,2
549,370,2023-11-20,4
550,334,2023-10-06,4
551,130,2023-11-12,5
552,457,2023-03-07,4
553,293,2023-12-10,5
554,20,2023-06-05,3
555,282,2023-05-26,2
556,285,2023-11-19,4
557,1,2023-01-19,2
558,119,2023-01-09,2
559,35,2023-12-25,2
560,198,2023-09-17,3
561,485,2023-05-28,1
562,245,2023-03-19,4
563,59,2023-08-11,1
564,325,2023-12-13,1
565,161,2023-12-04,1
566,497,2023-10-23,2
567,179,2023-11-08,5
568,206,2023-05-20,2
569,12,2023-12-11,2
570,490,2023-06-17,1
571,276,2023-02-06,2
572,181,2023-05-13,1
573,242,2023-09-10,5
574,216,2023-08-09,4
575,251,2023-12-02,1
576,299,2023-12-06,5
577,126,2023-07-02,4
578,482,2023-12-25,3
579,217,2023-07-08,1
580,306,2023-03-05,1
581,285,2023-01-03,3
582,185,2023-03-25,3
583,39,2023-03-30,1
584,223,2023-01-29,3
585,184,2023-10-07,2
586,495,2023-07-27,4
587,427,2023-01-17,4
588,178,2023-07-20,4
589,407,2023-12-23,2
590,428,2023-10-12,3
591,294,2023-09-25,5
592,340,2023-12-08,3
593,151,2023-11-11,1
594,384,2023-07-20,4
595,126,2023-08-13,3
596,301,2023-06-25,5
597,308,2023-11-05,1
598,336,2023-03-18,2
599,434,2023-07-24,2
600,234,2023-06-20,5
601,380,2023-12-03,1
602,375,2023-10-03,4
603,8,2023-09-17,3
604,498,2023-06-29,1
605,341,2023-04-20,2
606,129,2023-01-29,5
607,264,2023-12-18,5
608,157,2023-07-15,3
609,352,2023-05-01,5
610,358,2023-07-24,5
611,5,2023-02-28,1
612,495,2023-09-17,4
613,86,2023-12-04,3
614,175,2023-09-24,1
615,290,2023-07-24,4
616,193,2023-12-10,1
617,311,2023-01-18,1
618,119,2023-11-19,5
619,218,2023-02-16,4
620,427,2023-03-20,3
621,458,2023-04-30,3
622,414,2023-07-21,4
623,114,2023-05-06,5
624,466,2023-12-18,2
625,145,2023-09-24,1
626,26,2023-11-14,5
627,136,2023-10-26,4
628,303,2023-08-22,1
629,232,2023-01-24,3
630,369,2023-06-19,2
631,76,2023-01-07,3
632,475,2023-08-13,4
633,328,2023-05-26,1
634,345,2023-12-01,4
635,302,2023-06-14,1
636,452,2023-07-05,5
637,289,2023-08-08,2
638,1,2023-05-15,5
639,147,2023-12-13,5
640,287,2023-05-12,4
641,464,2023-01-28,2
642,142,2023-10-01,1
643,53,2023-06-20,1
644,304,2023-06-16,3
645,69,2023-07-04,1
646,361,2023-11-17,4
647,90,2023-07-28,5
648,446,2023-05-25,5
649,220,2023-05-22,5
650,450,2023-04-19,2
651,498,2023-04-23,1
652,192,2023-09-11,4
653,454,2023-04-25,2
654,63,2023-10-26,3
655,73,2023-03-19,4
656,161,2023-06-23,4
657,169,2023-10-09,4
658,89,2023-03-27,5
659,176,2023-09-02,4
660,269,2023-11-11,1
661,73,2023-08-22,4
662,245,2023-03-17,5
663,77,2023-02-06,4
664,159,2023-03-24,3
665,489,2023-10-02,3
666,459,2023-06-20,5
667,324,2023-09-14,1
668,98,2023-06-14,1
669,381,2023-11-30,2
670,102,2023-10-11,5
671,494,2023-06-30,4
672,132,2023-10-16,5
673,102,2023-04-19,2
674,19,2023-03-13,5
675,454,2023-08-17,5
676,482,2023-06-21,2
677,82,2023-04-05,1
678,397,2023-05-14,4
679,489,2023-06-20,2
680,279,2023-05-07,3
681,339,2023-08-25,1
682,365,2023-11-21,3
683,331,2023-01-04,1
684,129,2023-12-18,4
685,344,2023-05-02,4
686,310,2023-07-24,5
687,455,2023-06-14,3
688,89,2023-03-19,1
689,213,2023-06-29,4
690,143,2023-05-07,2
691,65,2023-08-22,4
692,76,2023-12-04,2
693,199,2023-09-08,1
694,143,2023-05-09,4
695,405,2023-01-12,4
696,403,2023-10-23,1
697,316,2023-10-14,4
698,93,2023-10-15,2
699,473,2023-09-04,4
700,417,2023-10-14,3
701,305,2023-10-14,5
702,224,2023-09-11,2
703,497,2023-08-31,3
704,291,2023-03-28,1
705,428,2023-11-02,2
706,102,2023-05-10,5
707,474,2023-08-16,5
708,267,2023-12-20,1
709,355,2023-07-24,1
710,456,2023-04-02,2
711,110,2023-02-09,4
712,462,2023-10-02,1
713,330,2023-09-26,4
714,450,2023-06-04,3
715,430,2023-06-15,5
716,265,2023-01-18,4
717,3,2023-05-11,5
718,85,2023-11-21,4
719,282,2023-08-01,3
720,328,2023-08-31,1
721,304,2023-07-14,3
722,450,2023-09-27,1
723,454,2023-06-26,1
724,412,2023-02-20,5
725,117,2023-04-11,3
726,221,2023-01-14,4
727,154,2023-11-05,3
728,153,2023-04-25,5
729,12,2023-09-13,1
730,133,2023-12-14,5
731,482,2023-08-13,2
732,304,2023-01-16,2
733,293,2023-10-11,4
734,463,2023-02-18,5
735,300,2023-02-11,4
736,228,2023-11-05,4
737,271,2023-07-17,2
738,43,2023-10-09,4
739,432,2023-08-18,2
740,343,2023-03-14,1
741,326,2023-06-11,5
742,302,2023-01-07,4
743,498,2023-08-20,2
744,364,2023-04-28,3
745,379,2023-11-29,4
746,427,2023-05-18,1
747,493,2023-01-26,1
748,21,2023-07-16,3
749,407,2023-08-13,2
750,107,2023-02-07,4
751,336,2023-08-17,2
752,303,2023-02-06,1
753,117,2023-02-04,2
754,124,2023-03-29,1
755,399,2023-06-08,2
756,281,2023-07-04,3
757,292,2023-09-10,5
758,203,2023-09-02,3
759,51,2023-02-16,3
760,271,2023-11-18,5
761,324,2023-08-17,5
762,277,2023-07-29,4
763,141,2023-07-15,4
764,470,2023-05-10,3
765,275,2023-01-14,3
766,290,2023-02-26,1
767,334,2023-06-05,1
768,381,2023-08-18,4
769,452,2023-07-24,4
770,496,2023-08-08,1
771,373,2023-08-04,1
772,52,2023-07-13,2
773,494,2023-07-23,2
774,27,2023-06-26,1
775,157,2023-01-16,2
776,239,2023-01-07,5
777,156,2023-10-11,4
778,291,2023-02-05,4
779,136,2023-07-24,1
780,144,2023-05-02,3
781,106,2023-01-11,1
782,420,2023-08-04,2
783,158,2023-08-31,3
784,146,2023-12-27,2
785,2,2023-05-05,5
786,433,2023-12-29,2
787,77,2023-09-10,5
788,132,2023-02-17,5
789,90,2023-01-25,2
790,345,2023-12-01,2
791,350,2023-02-17,5
792,459,2023-03-14,3
793,263,2023-02-11,5
794,351,2023-02-13,4
795,108,2023-10-01,5
796,74,2023-05-24,3
797,39,2023-04-22,4
798,397,2023-07-25,1
799,159,2023-09-22,1
800,71,2023-05-26,3
801,447,2023-06-12,5
802,312,2023-04-06,2
803,241,2023-11-16,3
804,426,2023-05-08,4
805,445,2023-12-13,4
806,298,2023-05-18,1
807,440,2023-05-21,4
808,36,2023-08-24,3
809,84,2023-02-04,4
810,452,2023-07-03,3
811,374,2023-06-24,2
812,263,2023-01-22,1
813,310,2023-07-01,4
814,385,2023-05-23,3
815,172,2023-10-05,5
816,376,2023-12-16,1
817,173,2023-11-23,2
818,362,2023-05-05,3
819,47,2023-08-26,2
820,379,2023-05-27,2
821,141,2023-09-04,4
822,375,2023-06-24,4
823,406,2023-12-31,3
824,118,2023-12-30,5
825,277,2023-01-21,3
826,214,2023-01-25,5
827,220,2023-01-07,2
828,393,2023-01-26,1
829,26,2023-04-05,3
830,9,2023-01-12,3
831,271,2023-02-24,5
832,10,2023-08-17,2
833,472,2023-02-28,2
834,378,2023-03-31,5
835,121,2023-08-11,2
836,125,2023-12-31,4
837,170,2023-10-29,1
838,72,2023-02-06,3
839,152,2023-04-18,1
840,208,2023-01-08,3
841,49,2023-05-11,4
842,154,2023-01-28,2
843,347,2023-07-26,5
844,293,2023-07-05,4
845,68,2023-03-07,1
846,50,2023-12-26,5
847,152,2023-10-19,2
848,19,2023-01-02,4
849,100,2023-12-09,5
850,60,2023-12-22,4
851,167,2023-06-29,4
852,202,2023-04-12,2
853,345,2023-08-16,3
854,146,2023-10-06,5
855,403,2023-08-10,2
856,164,2023-05-17,4
857,458,2023-11-28,2
858,481,2023-10-14,3
859,439,2023-09-09,5
860,242,2023-03-13,3
861,69,2023-10-03,1
862,175,2023-08-03,5
863,49,2023-09-20,3
864,483,2023-06-16,4
865,108,2023-11-16,5
866,226,2023-09-23,5
867,161,2023-08-03,2
868,119,2023-01-28,4
869,149,2023-09-27,1
870,465,2023-05-01,3
871,150,2023-04-26,2
872,432,2023-09-11,3
873,293,2023-12-31,1
874,143,2023-10-12,1
875,419,2023-02-22,5
876,476,2023-05-16,1
877,455,2023-06-30,3
878,160,2023-06-18,4
879,11,2023-03-27,4
880,138,2023-03-07,5
881,457,2023-12-21,3
882,78,2023-10-06,3
883,77,2023-06-21,1
884,441,2023-07-30,3
885,254,2023-01-03,2
886,409,2023-04-14,1
887,258,2023-08-31,2
888,320,2023-02-11,5
889,291,2023-07-14,4
890,263,2023-03-21,5
891,85,2023-05-20,4
892,146,2023-10-29,5
893,323,2023-03-10,3
894,42,2023-02-09,2
895,374,2023-07-06,4
896,125,2023-10-21,1
897,167,2023-08-20,2
898,425,2023-01-30,1
899,241,2023-09-09,2
900,459,2023-06-30,2
901,487,2023-01-13,5
902,280,2023-06-04,4
903,188,2023-03-25,4
904,302,2023-05-27,2
905,19,2023-04-30,3
906,68,2023-05-29,3
907,218,2023-10-25,1
908,102,2023-12-02,1
909,42,2023-06-03,5
910,288,2023-06-21,2
911,167,2023-03-25,1
912,109,2023-01-30,1
913,494,2023-04-13,2
914,36,2023-09-29,5
915,232,2023-08-10,1
916,229,2023-06-14,5
917,353,2023-07-07,4
918,164,2023-01-21,5
919,387,2023-10-30,3
920,73,2023-11-29,3
921,136,2023-07-16,5
922,353,2023-06-30,3
923,379,2023-01-29,4
924,70,2023-08-21,2
925,425,2023-11-28,3
926,487,2023-08-15,3
927,196,2023-08-19,5
928,269,2023-03-26,4
929,49,2023-10-18,2
930,316,2023-02-18,5
931,130,2023-02-28,5
932,444,2023-08-14,4
933,5,2023-10-23,2
934,428,2023-12-08,4
935,27,2023-08-10,2
936,160,2023-04-10,4
937,149,2023-01-09,5
938,264,2023-11-25,5
939,230,2023-06-24,1
940,200,2023-05-26,3
941,50,2023-08-05,4
942,67,2023-05-18,1
943,300,2023-05-09,3
944,381,2023-04-28,4
945,58,2023-09-08,2
946,259,2023-05-13,3
947,342,2023-01-23,5
948,326,2023-03-07,1
949,130,2023-01-03,3
950,215,2023-11-06,3
951,172,2023-06-22,5
952,258,2023-12-30,4
953,102,2023-11-03,2
954,209,2023-12-15,5
955,291,2023-04-16,2
956,354,2023-02-02,4
957,471,2023-04-15,3
958,286,2023-01-05,2
959,116,2023-04-29,1
960,264,2023-04-18,1
961,150,2023-08-02,5
962,300,2023-04-10,4
963,442,2023-10-09,5
964,36,2023-12-13,5
965,453,2023-07-03,5
966,333,2023-10-06,1
967,477,2023-04-22,1
968,287,2023-05-29,5
969,303,2023-05-04,1
970,311,2023-06-12,4
971,208,2023-12-01,5
972,106,2023-02-10,1
973,446,2023-11-21,2
974,158,2024-01-01,5
975,121,2023-04-10,5
976,55,2023-03-08,4
977,400,2023-04-07,3
978,12,2023-04-25,3
979,145,2023-09-10,4
980,400,2023-04-25,4
981,396,2023-05-15,4
982,136,2023-12-07,3
983,468,2023-03-25,4
984,3,2023-12-26,1
985,144,2023-09-04,5
986,30,2023-10-16,5
987,237,2023-12-12,2
988,279,2023-08-13,2
989,348,2023-02-21,5
990,115,2023-12-14,1
991,104,2023-08-26,3
992,118,2023-08-30,3
993,5,2023-01-12,1
994,468,2023-06-11,3
995,360,2023-02-07,4
996,248,2023-06-10,5
997,364,2023-01-11,5
998,321,2023-03-04,1
999,121,2023-07-28,3
1000,286,2023-05-08,2
1001,149,2023-03-14,2
1002,84,2023-04-30,3
1003,454,2023-09-02,2
1004,406,2023-09-22,1
1005,466,2023-08-28,1
1006,456,2023-08-30,3
1007,231,2023-07-12,2
1008,288,2023-03-25,1
1009,161,2023-05-27,1
1010,272,2023-02-23,4
1011,460,2023-12-09,4
1012,38,2023-03-06,1
1013,500,2023-05-05,3
1014,226,2023-02-04,5
1015,142,2023-10-06,5
1016,292,2023-07-14,1
1017,481,2023-06-09,1
1018,151,2023-03-25,1
1019,114,2023-07-06,3
1020,237,2023-07-31,4
1021,66,2023-10-15,1
1022,361,2023-02-04,1
1023,341,2023-10-13,2
1024,258,2023-01-01,3
1025,475,2023-09-04,1
1026,249,2023-02-02,2
1027,457,2023-11-30,5
1028,449,2023-06-24,1
1029,331,2023-01-02,1
1030,323,2023-02-23,2
1031,180,2023-04-19,3
1032,190,2023-06-23,1
1033,407,2023-04-26,5
1034,154,2023-05-22,1
1035,196,2023-06-17,5
1036,466,2023-03-05,4
1037,311,2023-11-26,4
1038,262,2023-04-30,5
1039,419,2023-03-22,3
1040,406,2023-04-15,1
1041,427,2023-06-09,1
1042,143,2023-04-26,4
1043,342,2023-03-15,5
1044,316,2023-12-04,1
1045,101,2023-01-03,1
1046,244,2023-09-24,3
1047,490,2023-02-05,2
1048,12,2023-10-27,4
1049,239,2023-01-14,4
1050,49,2023-03-19,2
1051,42,2023-04-20,1
1052,166,2023-07-04,3
1053,82,2023-08-02,3
1054,429,2023-09-14,4
1055,291,2023-10-15,3
1056,158,2023-04-01,2
1057,216,2023-12-15,1
1058,490,2023-08-08,2
1059,158,2023-08-13,5
1060,462,2024-01-01,4
1061,134,2023-05-29,3
1062,67,2023-06-17,5
1063,336,2023-10-16,3
1064,7,2023-03-04,1
1065,436,2023-11-02,1
1066,14,2023-02-06,1
1067,73,2023-04-11,3
1068,399,2023-01-07,5
1069,405,2023-09-27,1
1070,163,2023-03-26,5
1071,66,2023-07-02,3
1072,347,2023-05-03,5
1073,130,2023-12-22,3
1074,419,2023-05-19,3
1075,466,2023-11-18,4
1076,206,2023-04-02,3
1077,276,2023-07-12,3
1078,466,2023-11-27,2
1079,256,2023-05-31,1
1080,266,2023-08-25,4
1081,25,2023-05-09,4
1082,450,2023-01-28,4
1083,281,2023-12-07,2
1084,253,2023-03-30,3
1085,310,2023-04-23,1
1086,289,2023-10-12,5
1087,164,2023-07-03,3
1088,95,2023-11-19,2
1089,270,2023-02-26,3
1090,321,2023-07-16,3
1091,110,2023-03-19,2
1092,336,2023-11-10,4
1093,310,2023-11-29,4
1094,238,2023-04-27,1
1095,381,2023-09-16,1
1096,436,2023-12-14,4
1097,387,2023-12-15,5
1098,483,2023-08-28,3
1099,425,2023-07-09,5
1100,390,2023-12-20,3
1101,25,2023-09-20,4
1102,141,2023-02-28,1
1103,117,2023-05-15,1
1104,482,2023-10-15,5
1105,392,2023-12-19,1
1106,405,2023-10-21,4
1107,482,2023-02-28,5
1108,452,2023-09-29,3
1109,25,2023-08-24,1
1110,79,2023-10-13,2
1111,68,2023-01-06,1
1112,173,2023-12-27,3
1113,444,2023-04-25,5
1114,12,2023-02-08,3
1115,288,2023-03-10,2
1116,128,2023-07-06,4
1117,96,2023-05-17,1
1118,92,2023-08-23,5
1119,141,2023-03-06,4
1120,31,2023-11-16,3
1121,334,2023-03-01,5
1122,20,2023-09-27,4
1123,146,2023-09-11,5
1124,477,2023-02-03,2
1125,316,2023-01-19,2
1126,447,2023-12-06,1
1127,390,2023-12-28,1
1128,160,2023-01-30,2
1129,349,2023-03-05,5
1130,43,2023-04-01,2
1131,254,2023-03-11,1
1132,130,2023-06-12,2
1133,60,2023-02-06,2
1134,151,2023-07-12,5
1135,467,2023-04-08,4
1136,287,2023-07-29,1
1137,499,2023-05-18,5
1138,5,2023-06-17,2
1139,467,2023-08-11,2
1140,418,2023-12-12,4
1141,266,2023-04-21,1
1142,345,2023-12-02,1
1143,130,2023-09-16,3
1144,382,2023-08-29,1
1145,267,2023-09-16,4
1146,178,2023-01-27,3
1147,253,2023-04-09,3
1148,415,2023-11-27,2
1149,56,2023-11-21,2
1150,463,2023-05-25,1
1151,457,2023-01-18,3
1152,471,2023-07-15,2
1153,83,2023-06-18,4
1154,393,2023-02-16,2
1155,99,2023-07-13,2
1156,149,2023-07-26,3
1157,329,2023-05-26,3
1158,156,2023-10-19,5
1159,190,2023-10-06,4
1160,494,2023-11-06,3
1161,371,2023-02-22,1
1162,263,2023-06-03,4
1163,80,2023-05-05,4
1164,400,2023-08-13,3
1165,252,2023-10-22,4
1166,97,2023-03-23,3
1167,260,2023-08-19,2
1168,260,2023-09-01,5
1169,103,2023-01-06,2
1170,40,2023-09-28,3
1171,273,2023-05-08,3
1172,101,2023-12-13,2
1173,359,2023-07-13,1
1174,380,2023-07-18,1
1175,308,2023-07-05,1
1176,221,2023-05-24,3
1177,308,2023-03-08,4
1178,420,2023-11-29,3
1179,124,2023-06-18,4
1180,422,2023-04-12,2
1181,231,2023-09-29,5
1182,178,2023-02-07,4
1183,63,2023-04-09,1
1184,485,2023-12-08,3
1185,116,2023-01-02,2
1186,191,2023-11-16,1
1187,62,2023-08-05,2
1188,256,2023-08-12,5
1189,483,2023-01-07,3
1190,7,2023-03-25,3
1191,155,2023-01-04,5
1192,92,2023-12-09,3
1193,470,2023-03-04,4
1194,14,2023-07-27,2
1195,455,2023-08-22,1
1196,229,2023-02-04,5
1197,86,2023-08-09,4
1198,133,2023-01-14,1
1199,183,2023-06-02,1
1200,386,2023-08-26,5
1201,62,2023-02-02,4
1202,219,2023-11-27,1
1203,405,2023-01-05,1
1204,246,2023-11-02,4
1205,230,2023-10-05,3
1206,79,2023-01-24,1
1207,149,2023-11-19,2
1208,138,2023-12-22,4
1209,471,2023-04-13,1
1210,314,2023-12-04,5
1211,376,2023-05-08,2
1212,423,2023-05-19,1
1213,389,2023-06-26,2
1214,65,2023-05-25,2
1215,13,2023-11-12,3
1216,213,2023-03-01,2
1217,474,2023-02-08,3
1218,242,2023-05-21,4
1219,493,2023-04-12,3
1220,213,2023-08-13,5
1221,181,2023-01-06,1
1222,338,2023-12-21,4
1223,485,2023-08-02,4
1224,173,2023-02-26,5
1225,160,2023-10-10,3
1226,164,2023-10-20,1
1227,465,2023-02-09,3
1228,483,2023-03-27,2
1229,497,2023-07-27,3
1230,188,2023-12-16,4
1231,395,2023-03-27,1
1232,191,2023-11-26,3
1233,405,2023-09-03,1
1234,308,2023-12-01,1
1235,256,2023-05-15,2
1236,183,2023-11-27,2
1237,117,2023-04-20,4
1238,282,2023-07-29,5
1239,196,2023-10-02,1
1240,34,2023-04-11,5
1241,52,2023-06-25,4
1242,112,2023-03-22,1
1243,252,2023-08-02,1
1244,82,2023-01-16,5
1245,232,2023-08-09,3
1246,227,2023-08-08,2
1247,233,2023-08-31,3
1248,221,2023-06-29,5
1249,436,2023-11-21,2
1250,413,2023-12-20,3
1251,422,2023-11-04,2
1252,42,2023-05-14,1
1253,21,2023-03-29,3
1254,42,2023-06-11,2
1255,397,2023-04-21,2
1256,113,2023-05-30,2
1257,105,2023-11-21,3
1258,192,2023-12-20,4
1259,17,2023-07-05,3
1260,120,2023-11-26,5
1261,393,2023-09-05,3
1262,425,2023-12-22,2
1263,129,2023-08-25,1
1264,130,2023-03-02,3
1265,60,2023-08-23,3
1266,48,2023-09-28,2
1267,29,2023-10-07,1
1268,97,2023-05-15,1
1269,10,2023-08-25,5
1270,242,2023-03-11,3
1271,314,2023-09-06,1
1272,444,2023-10-24,1
1273,232,2023-02-26,4
1274,277,2023-12-16,4
1275,284,2023-02-18,1
1276,203,2023-02-03,5
1277,247,2023-10-26,1
1278,290,2023-10-01,2
1279,264,2023-05-21,3
1280,443,2023-03-09,5
1281,214,2023-12-10,2
1282,200,2023-10-07,5
1283,433,2023-01-05,2
1284,79,2023-04-10,3
1285,401,2023-05-19,3
1286,444,2023-02-13,4
1287,343,2023-10-28,2
1288,344,2023-08-29,4
1289,173,2023-09-11,2
1290,467,2023-02-24,4
1291,69,2023-03-14,3
1292,416,2023-10-27,5
1293,428,2023-12-29,4
1294,449,2023-10-26,2
1295,87,2023-07-27,2
1296,101,2023-09-04,3
1297,8,2023-08-20,2
1298,333,2023-02-14,1
1299,200,2023-06-20,5
1300,87,2023-03-14,4
1301,43,2023-04-10,5
1302,385,2023-01-30,3
1303,109,2023-02-28,4
1304,435,2023-01-24,4
1305,408,2023-12-12,1
1306,483,2023-10-26,3
1307,152,2023-12-16,2
1308,17,2023-09-17,1
1309,133,2023-04-15,1
1310,148,2023-10-18,5
1311,277,2023-01-07,5
1312,232,2023-03-11,5
1313,314,2023-06-14,1
1314,415,2023-02-21,2
1315,366,2023-05-16,4
1316,228,2023-08-08,5
1317,139,2023-04-10,2
1318,436,2023-06-22,3
1319,399,2023-01-30,5
1320,211,2023-12-17,4
1321,391,2023-08-28,3
1322,499,2023-12-18,3
1323,28,2023-05-04,4
1324,51,2023-01-01,5
1325,491,2023-07-11,1
1326,442,2023-01-20,4
1327,261,2023-04-16,4
1328,261,2023-06-09,4
1329,350,2023-11-30,3
1330,352,2023-07-21,2
1331,8,2023-11-12,1
1332,320,2023-11-08,5
1333,138,2023-03-11,5
1334,38,2023-08-22,2
1335,111,2023-10-03,4
1336,480,2023-09-03,1
1337,368,2023-11-22,5
1338,220,2023-07-07,5
1339,337,2023-05-20,4
1340,223,2023-12-26,2
1341,136,2023-03-06,1
1342,256,2023-11-06,2
1343,360,2023-02-06,2
1344,409,2023-09-08,1
1345,329,2023-11-06,1
1346,450,2023-03-26,5
1347,463,2023-02-10,5
1348,434,2023-07-21,1
1349,451,2023-11-06,3
1350,49,2023-01-15,5
1351,292,2023-10-19,3
1352,382,2023-05-05,1
1353,324,2023-10-03,5
1354,78,2023-12-27,2
1355,105,2023-05-17,1
1356,169,2023-05-08,4
1357,217,2023-07-26,3
1358,378,2023-08-16,1
1359,119,2023-07-19,1
1360,190,2023-11-27,5
1361,255,2023-07-10,5
1362,370,2023-10-03,5
1363,266,2023-06-08,4
1364,149,2023-10-04,5
1365,164,2023-03-10,1
1366,140,2023-05-13,5
1367,347,2023-02-18,2
1368,488,2023-04-21,5
1369,258,2023-07-25,4
1370,374,2023-07-18,2
1371,269,2023-08-05,1
1372,181,2023-03-28,1
1373,160,2023-01-07,3
1374,351,2023-10-25,2
1375,400,2023-06-04,3
1376,288,2023-07-11,2
1377,288,2023-09-26,2
1378,380,2023-12-19,4
1379,226,2023-08-02,3
1380,11,2023-05-30,4
1381,10,2023-04-03,2
1382,271,2023-08-20,1
1383,273,2023-06-15,2
1384,424,2023-06-10,4
1385,402,2023-05-28,3
1386,183,2023-06-27,3
1387,457,2023-07-11,4
1388,153,2023-06-30,3
1389,488,2023-11-24,5
1390,315,2023-01-24,1
1391,334,2023-04-06,1
1392,124,2023-02-06,1
1393,473,2023-02-20,3
1394,114,2023-06-08,3
1395,278,2023-02-12,2
1396,500,2023-05-29,2
1397,414,2023-06-06,1
1398,468,2023-08-26,5
1399,213,2023-10-12,2
1400,172,2023-06-05,2
1401,288,2023-10-15,3
1402,435,2023-10-29,5
1403,174,2023-08-20,1
1404,113,2023-07-27,2
1405,376,2023-11-25,5
1406,405,2023-07-29,5
1407,483,2023-04-08,1
1408,122,2023-03-20,5
1409,32,2023-01-07,5
1410,222,2023-06-07,5
1411,119,2023-07-27,2
1412,39,2023-01-14,1
1413,497,2023-02-08,5
1414,268,2023-03-23,5
1415,233,2023-02-20,2
1416,431,2023-12-12,1
1417,18,2023-10-16,3
1418,149,2023-03-09,2
1419,397,2023-09-01,1
1420,149,2023-01-20,5
1421,126,2023-04-13,1
1422,392,2023-05-04,1
1423,302,2023-01-01,1
1424,360,2023-01-10,3
1425,238,2023-07-04,1
1426,135,2023-11-04,3
1427,151,2023-03-02,5
1428,236,2023-07-23,3
1429,224,2023-02-07,5
1430,203,2023-12-15,5
1431,256,2023-03-19,3
1432,86,2023-06-01,2
1433,150,2023-07-15,4
1434,235,2023-05-01,1
1435,345,2023-03-08,4
1436,22,2023-06-14,1
1437,348,2023-04-15,1
1438,285,2023-11-20,5
1439,269,2023-08-26,1
1440,466,2023-03-13,1
1441,258,2023-02-07,3
1442,29,2023-11-19,4
1443,213,2023-12-22,3
1444,463,2023-02-12,1
1445,436,2023-07-27,5
1446,283,2023-06-13,3
1447,50,2023-06-16,3
1448,95,2023-09-29,2
1449,463,2023-06-11,1
1450,499,2023-01-09,5
1451,407,2023-09-25,3
1452,88,2023-08-17,3
1453,44,2023-02-20,5
1454,461,2023-03-14,1
1455,278,2023-03-04,2
1456,171,2023-11-30,3
1457,421,2023-01-24,2
1458,189,2023-05-21,4
1459,353,2023-01-26,1
1460,184,2023-04-14,4
1461,3,2023-09-16,4
1462,191,2023-04-02,4
1463,118,2023-12-06,1
1464,19,2023-10-09,1
1465,23,2023-07-18,5
1466,413,2023-10-08,2
1467,30,2023-02-10,2
1468,295,2023-12-31,5
1469,108,2023-10-10,5
1470,367,2023-07-14,4
1471,281,2023-08-22,5
1472,128,2023-08-15,3
1473,229,2023-05-27,2
1474,111,2023-07-26,5
1475,136,2023-05-18,3
1476,362,2023-12-10,3
1477,186,2023-05-23,3
1478,144,2023-01-17,3
1479,72,2023-06-25,4
1480,129,2023-11-24,3
1481,364,2023-09-13,4
1482,261,2023-03-10,4
1483,3,2023-10-20,3
1484,449,2023-11-02,2
1485,388,2023-11-19,3
1486,104,2023-03-06,3
1487,483,2023-04-21,3
1488,224,2023-05-21,2
1489,320,2023-06-20,1
1490,362,2023-06-23,1
1491,354,2023-09-06,4
1492,491,2023-07-31,4
1493,473,2023-12-09,2
1494,10,2023-07-24,5
1495,405,2023-10-02,1
1496,384,2024-01-01,4
1497,302,2023-10-26,1
1498,231,2023-11-26,2
1499,219,2023-08-20,2
1500,411,2023-12-11,5
1501,66,2023-08-18,5
1502,425,2023-03-15,2
1503,112,2023-02-23,4
1504,13,2023-06-30,1
1505,393,2023-08-27,3
1506,500,2023-09-14,5
1507,420,2023-11-16,3
1508,86,2023-06-29,4
1509,234,2023-12-17,5
1510,90,2023-10-20,3
1511,314,2023-03-21,4
1512,54,2023-09-16,1
1513,12,2023-10-19,4
1514,209,2023-02-16,5
1515,462,2023-10-18,2
1516,14,2023-07-28,1
1517,121,2023-07-06,3
1518,418,2023-03-03,5
1519,437,2023-07-24,2
1520,377,2023-04-01,4
1521,20,2023-02-20,2
1522,75,2023-09-19,5
1523,400,2023-03-06,5
1524,243,2023-03-10,2
1525,223,2023-11-21,4
1526,70,2023-09-08,2
1527,312,2023-08-04,5
1528,211,2023-12-23,5
1529,101,2023-12-08,3
1530,186,2023-01-31,3
1531,132,2023-01-06,1
1532,111,2023-05-28,5
1533,381,2023-09-22,3
1534,132,2023-10-18,2
1535,20,2023-03-20,4
1536,394,2023-05-04,2
1537,24,2023-10-02,4
1538,227,2023-05-25,3
1539,154,2023-05-18,1
1540,293,2023-05-06,2
1541,230,2023-12-15,2
1542,469,2023-03-19,2
1543,310,2023-07-15,4
1544,488,2023-12-25,3
1545,359,2023-05-22,2
1546,405,2023-02-26,2
1547,202,2023-11-02,1
1548,38,2023-11-25,1
1549,430,2023-05-16,3
1550,260,2023-07-29,3
1551,188,2023-03-02,5
1552,57,2023-09-20,1
1553,429,2023-01-26,5
1554,20,2023-02-27,4
1555,273,2023-08-12,5
1556,119,2023-05-06,2
1557,71,2023-10-20,5
1558,4,2023-12-10,3
1559,221,2023-02-25,4
1560,14,2023-05-24,2
1561,3,2023-09-18,5
1562,216,2023-02-03,4
1563,229,2023-04-30,4
1564,336,2023-03-17,2
1565,186,2023-12-27,5
1566,55,2023-09-10,4
1567,500,2023-04-29,4
1568,388,2023-08-30,1
1569,376,2023-08-02,4
1570,254,2023-12-30,1
1571,24,2023-12-13,5
1572,162,2023-10-07,5
1573,158,2023-07-23,5
1574,82,2023-01-17,3
1575,403,2023-08-26,5
1576,159,2023-01-24,4
1577,188,2023-10-30,2
1578,60,2023-06-05,1
1579,403,2023-06-07,3
1580,305,2023-10-03,5
1581,319,2023-11-27,5
1582,366,2023-06-21,2
1583,211,2023-03-02,2
1584,406,2023-12-28,3
1585,152,2023-12-28,1
1586,109,2023-05-14,5
1587,76,2023-07-16,3
1588,30,2023-02-16,4
1589,314,2023-02-19,4
1590,486,2023-11-15,3
1591,117,2023-04-02,5
1592,415,2023-05-22,3
1593,356,2023-09-11,5
1594,192,2023-08-03,2
1595,19,2023-01-23,3
1596,432,2023-10-26,5
1597,173,2023-11-03,3
1598,228,2023-10-24,3
1599,350,2023-01-01,5
1600,183,2023-12-22,5
1601,113,2023-02-11,1
1602,183,2023-11-07,3
1603,481,2023-05-19,4
1604,146,2023-01-21,3
1605,319,2023-01-21,3
1606,116,2023-04-26,5
1607,113,2023-09-03,3
1608,251,2023-11-11,3
1609,476,2023-06-21,4
1610,251,2023-06-05,5
1611,303,2023-12-16,3
1612,459,2023-06-19,2
1613,313,2023-04-19,1
1614,118,2023-01-09,4
1615,301,2023-07-16,3
1616,161,2023-02-26,2
1617,401,2023-08-27,3
1618,198,2023-03-10,3
1619,260,2023-08-09,5
1620,148,2023-07-06,5
1621,240,2023-05-12,5
1622,47,2023-05-06,2
1623,475,2023-10-21,3
1624,399,2023-07-20,1
1625,198,2023-07-25,4
1626,47,2023-08-31,5
1627,78,2023-11-19,5
1628,124,2023-05-28,3
1629,75,2023-05-08,3
1630,359,2023-01-14,2
1631,137,2023-03-21,2
1632,90,2023-09-08,5
1633,400,2023-09-24,3
1634,325,2023-08-22,1
1635,500,2023-04-18,4
1636,61,2023-09-23,3
1637,138,2023-03-08,3
1638,50,2023-08-22,2
1639,259,2023-05-22,4
1640,461,2023-01-21,5
1641,107,2023-10-31,3
1642,113,2023-02-23,5
1643,350,2023-12-18,3
1644,254,2023-05-02,5
1645,118,2023-06-27,4
1646,493,2023-09-28,2
1647,198,2023-04-03,4
1648,337,2023-02-06,1
1649,365,2023-09-07,2
1650,51,2023-06-04,4
1651,245,2023-11-06,1
1652,403,2023-12-20,3
1653,426,2023-01-08,3
1654,35,2023-05-23,5
1655,302,2023-02-28,2
1656,410,2023-05-31,3
1657,499,2023-10-04,2
1658,69,2023-02-03,3
1659,349,2023-11-13,5
1660,320,2023-01-04,4
1661,421,2023-01-09,5
1662,468,2023-10-06,1
1663,49,2023-08-25,3
1664,405,2023-07-24,1
1665,74,2023-07-25,1
1666,192,2023-10-10,2
1667,261,2023-12-04,3
1668,356,2023-09-26,1
1669,70,2023-04-07,4
1670,90,2023-05-04,1
1671,260,2023-03-31,4
1672,126,2023-02-17,2
1673,231,2023-12-14,1
1674,295,2023-05-08,5
1675,498,2023-09-22,2
1676,419,2023-03-31,4
1677,129,2023-12-21,2
1678,280,2023-04-08,1
1679,313,2023-05-17,3
1680,100,2023-10-16,3
1681,326,2023-08-14,4
1682,297,2023-10-24,4
1683,182,2023-01-01,3
1684,174,2023-02-26,4
1685,316,2023-05-29,2
1686,364,2023-07-30,5
1687,188,2023-07-31,5
1688,57,2023-02-26,2
1689,31,2023-12-31,5
1690,84,2023-08-27,1
1691,152,2023-08-19,2
1692,473,2023-12-17,4
1693,36,2023-02-20,2
1694,213,2023-03-07,3
1695,414,2023-05-31,4
1696,408,2023-09-23,3
1697,364,2023-03-16,4
1698,106,2023-11-17,5
1699,414,2023-05-01,2
1700,342,2023-06-25,1
1701,220,2023-05-16,4
1702,391,2023-02-19,4
1703,163,2023-02-05,3
1704,439,2023-06-08,5
1705,220,2023-03-06,3
1706,270,2023-07-06,3
1707,120,2023-05-31,5
1708,394,2023-09-04,1
1709,336,2023-01-30,3
1710,400,2023-03-27,3
1711,182,2023-01-22,4
1712,479,2023-08-30,5
1713,106,2023-10-17,2
1714,217,2023-09-09,1
1715,205,2023-08-31,1
1716,70,2023-07-02,5
1717,44,2023-02-25,4
1718,329,2023-02-22,4
1719,301,2023-09-08,5
1720,228,2023-09-25,4
1721,184,2023-11-24,1
1722,107,2023-11-20,1
1723,84,2023-09-10,2
1724,338,2023-08-13,5
1725,250,2023-09-25,3
1726,363,2023-12-09,3
1727,441,2023-06-13,2
1728,21,2023-12-11,2
1729,196,2023-06-06,4
1730,178,2023-10-11,2
1731,417,2023-07-16,2
1732,475,2023-07-26,3
1733,7,2023-04-13,4
1734,70,2023-04-29,2
1735,127,2023-02-20,2
1736,399,2023-04-15,4
1737,466,2023-01-13,5
1738,160,2023-03-26,4
1739,248,2023-01-14,3
1740,203,2023-01-29,5
1741,148,2023-05-04,1
1742,472,2023-04-13,4
1743,143,2023-07-02,3
1744,432,2023-02-11,5
1745,199,2023-01-03,4
1746,405,2023-06-19,2
1747,426,2023-11-11,4
1748,154,2023-07-12,1
1749,492,2023-06-12,4
1750,376,2023-06-13,5
1751,384,2023-07-26,5
1752,142,2023-10-05,4
1753,313,2023-05-01,5
1754,165,2023-01-25,2
1755,314,2023-05-18,4
1756,21,2023-11-23,2
1757,82,2023-12-15,2
1758,69,2023-12-30,3
1759,131,2023-07-09,4
1760,87,2023-06-08,5
1761,218,2023-03-23,2
1762,421,2023-12-15,3
1763,472,2023-04-16,4
1764,305,2023-07-21,4
1765,403,2023-10-19,1
1766,371,2023-07-11,1
1767,345,2023-10-16,2
1768,341,2023-01-11,1
1769,384,2023-04-19,2
1770,396,2023-08-02,5
1771,445,2023-04-09,2
1772,425,2023-11-23,1
1773,161,2023-11-04,5
1774,178,2023-03-10,1
1775,117,2023-07-05,2
1776,196,2023-10-11,3
1777,383,2023-05-01,4
1778,490,2023-01-06,1
1779,327,2023-09-10,2
1780,86,2023-11-08,5
1781,289,2023-04-15,1
1782,81,2023-06-23,1
1783,152,2023-10-19,4
1784,61,2023-10-15,2
1785,61,2023-05-27,3
1786,354,2023-04-20,5
1787,28,2023-09-02,2
1788,442,2023-02-01,5
1789,43,2023-01-25,1
1790,169,2023-02-23,4
1791,423,2023-01-11,4
1792,86,2023-02-28,3
1793,177,2023-07-14,4
1794,17,2023-01-07,1
1795,98,2023-11-05,3
1796,454,2023-09-24,2
1797,494,2023-05-04,4
1798,198,2023-05-20,3
1799,98,2023-08-07,1
1800,65,2023-08-13,5
1801,330,2023-05-17,5
1802,341,2023-07-08,1
1803,5,2023-08-22,1
1804,2,2023-06-04,5
1805,22,2023-10-18,3
1806,112,2023-05-29,5
1807,57,2023-01-15,1
1808,66,2023-06-08,4
1809,330,2023-09-11,2
1810,98,2023-05-14,4
1811,144,2023-02-12,4
1812,368,2023-01-19,1
1813,435,2023-11-21,5
1814,125,2023-03-03,3
1815,167,2023-08-22,4
1816,86,2023-01-15,5
1817,76,2023-01-12,3
1818,344,2023-04-19,4
1819,495,2023-09-05,3
1820,424,2023-02-28,5
1821,294,2023-07-02,2
1822,444,2023-05-26,5
1823,59,2023-01-29,1
1824,138,2023-10-12,3
1825,99,2023-05-20,2
1826,192,2023-01-25,3
1827,243,2023-06-28,3
1828,319,2023-05-06,4
1829,49,2023-03-06,1
1830,448,2023-05-25,3
1831,32,2023-05-16,5
1832,391,2023-05-12,5
1833,277,2023-06-19,4
1834,20,2023-07-15,1
1835,154,2023-04-19,1
1836,383,2023-10-15,5
1837,68,2023-09-23,2
1838,366,2023-08-18,4
1839,372,2023-09-08,4
1840,214,2023-03-20,5
1841,143,2023-10-09,5
1842,376,2023-09-12,2
1843,232,2023-01-15,2
1844,213,2023-02-20,1
1845,79,2023-05-22,4
1846,214,2023-02-18,4
1847,116,2023-09-13,5
1848,92,2023-06-08,1
1849,270,2023-03-26,4
1850,411,2023-11-24,1
1851,381,2023-07-08,1
1852,489,2023-08-08,5
1853,168,2023-08-13,1
1854,58,2023-12-24,2
1855,284,2023-10-09,2
1856,26,2023-03-26,3
1857,369,2023-07-28,5
1858,447,2023-08-01,3
1859,66,2023-10-03,2
1860,409,2023-01-06,3
1861,248,2023-11-19,5
1862,254,2023-03-21,5
1863,387,2023-10-26,1
1864,456,2023-11-11,4
1865,44,2023-07-13,1
1866,97,2023-02-06,5
1867,42,2023-01-30,2
1868,500,2023-11-21,2
1869,227,2023-03-28,1
1870,262,2023-10-02,5
1871,167,2023-06-04,2
1872,436,2023-05-01,5
1873,279,2023-04-23,2
1874,89,2023-04-01,5
1875,379,2023-11-02,3
1876,178,2023-12-01,5
1877,427,2023-02-02,5
1878,403,2023-03-15,1
1879,197,2023-01-19,3
1880,307,2023-05-04,4
1881,267,2023-10-15,1
1882,268,2023-04-05,4
1883,74,2023-01-08,2
1884,8,2023-07-25,4
1885,408,2023-12-21,5
1886,476,2023-08-15,4
1887,297,2023-06-02,1
1888,164,2023-09-25,1
1889,485,2023-02-04,4
1890,85,2023-01-05,1
1891,72,2023-08-28,1
1892,55,2023-04-27,4
1893,393,2023-01-11,3
1894,47,2023-05-21,3
1895,399,2023-07-19,2
1896,432,2023-09-14,1
1897,238,2023-08-02,4
1898,104,2023-03-30,1
1899,210,2023-10-22,5
1900,42,2023-09-10,1
1901,316,2023-07-02,1
1902,468,2023-04-22,3
1903,454,2023-02-25,4
1904,268,2023-11-18,1
1905,386,2023-07-24,3
1906,263,2023-08-27,2
1907,336,2023-08-06,3
1908,387,2023-09-06,3
1909,365,2023-02-06,3
1910,259,2023-07-07,1
1911,283,2023-04-02,1
1912,114,2023-04-26,2
1913,363,2023-09-19,5
1914,40,2023-06-18,5
1915,486,2023-12-24,5
1916,417,2023-08-26,2
1917,220,2023-01-13,5
1918,129,2023-01-15,5
1919,8,2023-11-19,3
1920,101,2023-04-06,1
1921,416,2023-07-29,1
1922,380,2023-09-02,3
1923,176,2023-10-07,3
1924,107,2023-03-04,3
1925,101,2023-05-14,1
1926,260,2023-06-11,5
1927,478,2023-01-24,3
1928,454,2023-04-06,2
1929,366,2023-10-14,3
1930,246,2023-06-30,4
1931,275,2023-10-23,3
1932,32,2023-05-13,1
1933,137,2023-05-27,3
1934,12,2023-04-18,4
1935,395,2023-11-08,2
1936,302,2023-04-02,5
1937,375,2023-07-26,3
1938,16,2023-05-29,4
1939,129,2023-08-28,4
1940,63,2023-08-19,2
1941,109,2023-09-30,1
1942,375,2023-12-19,3
1943,21,2023-01-06,4
1944,158,2023-02-14,2
1945,269,2023-05-28,5
1946,162,2023-09-13,4
1947,260,2023-02-26,2
1948,412,2023-09-14,1
1949,102,2023-11-15,1
1950,223,2023-07-05,4
1951,59,2023-05-27,4
1952,247,2023-12-05,3
1953,128,2023-11-02,2
1954,283,2023-06-30,4
1955,325,2023-05-29,3
1956,25,2023-11-01,3
1957,131,2023-10-22,4
1958,353,2023-02-23,1
1959,196,2023-02-18,2
1960,281,2023-12-11,2
1961,404,2023-08-03,1
1962,418,2023-02-28,4
1963,154,2023-09-09,2
1964,382,2023-01-26,4
1965,133,2023-03-28,4
1966,227,2023-10-19,3
1967,189,2023-06-21,1
1968,476,2023-12-22,4
1969,477,2023-04-15,5
1970,265,2023-10-27,1
1971,372,2023-01-27,2
1972,486,2023-11-09,3
1973,434,2023-11-07,2
1974,134,2023-04-23,2
1975,211,2023-04-06,1
1976,60,2023-02-13,2
1977,428,2023-11-04,4
1978,377,2023-05-19,2
1979,395,2023-03-14,3
1980,450,2023-02-08,3
1981,431,2023-04-16,5
1982,364,2023-11-04,3
1983,364,2023-05-31,2
1984,457,2023-10-16,3
1985,213,2023-09-28,1
1986,216,2023-11-30,3
1987,226,2023-04-04,4
1988,470,2023-01-31,1
1989,131,2023-11-17,5
1990,76,2023-04-21,4
1991,476,2023-01-31,2
1992,286,2023-06-27,2
1993,474,2023-10-15,2
1994,496,2023-08-03,4
1995,277,2023-12-12,4
1996,156,2023-05-19,4
1997,248,2023-10-03,1
1998,218,2023-02-13,1
1999,190,2023-10-22,2
2000,417,2023-10-10,3
